X3(V),Y3(V),f(Hz)
-1.6116991329726244e-06,4.1170722490410524e-09,0.0001
-1.610436003350216e-06,4.528936321432896e-08,0.001100900900900901
-1.6070770026845983e-06,8.628453489549284e-08,0.0021018018018018015
-1.6016482940063334e-06,1.2694389966692908e-07,0.0031027027027027026
-1.5941918157671166e-06,1.671130993190797e-07,0.004103603603603604
-1.584764479049194e-06,2.066440171036814e-07,0.005104504504504504
-1.5734370971691917e-06,2.453965248885214e-07,0.006105405405405406
-1.5602930846632372e-06,2.8324002424107984e-07,0.0071063063063063064
-1.5454269692147207e-06,3.2005474918741994e-07,0.008107207207207206
-1.5289427643778815e-06,3.5573280830144245e-07,0.009108108108108108
-1.5109522528655955e-06,3.901789540622393e-07,0.010109009009009007
-1.4915732297793764e-06,4.2331107748629616e-07,0.011109909909909909
-1.4709277526800294e-06,4.5506043537413386e-07,0.01211081081081081
-1.4491404411586542e-06,4.853716256840339e-07,0.01311171171171171
-1.4263368629757588e-06,5.142023332553351e-07,0.014112612612612612
-1.4026420373329139e-06,5.415228731749852e-07,0.015113513513513512
-1.3781790788669729e-06,5.673155624618402e-07,0.016114414414414413
-1.353067998918401e-06,5.915739524910909e-07,0.017115315315315315
-1.3274246738728567e-06,6.143019548418569e-07,0.018116216216216216
-1.3013599841870148e-06,6.355128922333775e-07,0.019117117117117114
-1.2749791222855921e-06,6.552285041663564e-07,0.020118018018018016
-1.2483810629792697e-06,6.734779340674023e-07,0.021118918918918917
-1.2216581864547265e-06,6.902967214022759e-07,0.02211981981981982
-1.19489604122059e-06,7.05725818613281e-07,0.02312072072072072
-1.1681732326019952e-06,7.198106490519127e-07,0.02412162162162162
-1.1415614213731434e-06,7.32600218487096e-07,0.02512252252252252
-1.1151254167922469e-06,7.441462894003133e-07,0.02612342342342342
-1.0889233485370367e-06,7.545026242223041e-07,0.027124324324324323
-1.0630069027112128e-06,7.637243009781657e-07,0.028125225225225224
-1.0374216080884536e-06,7.718671025156121e-07,0.029126126126126126
-1.0122071599772984e-06,7.789869785979725e-07,0.030127027027027024
-9.873977704373865e-07,7.851395786340791e-07,0.031127927927927925
-9.630225349802578e-07,7.903798516633269e-07,0.03212882882882883
-9.39105807286152e-07,7.947617093793313e-07,0.03312972972972973
-9.156675748162673e-07,7.983377474187043e-07,0.03413063063063063
-8.927238294647396e-07,8.011590198200893e-07,0.035131531531531535
-8.702869285542868e-07,8.032748614312233e-07,0.036132432432432436
-8.483659425213243e-07,8.047327530695326e-07,0.03713333333333334
-8.269669865551275e-07,8.055782243893211e-07,0.03813423423423423
-8.060935342516695e-07,8.0585478964493e-07,0.039135135135135134
-7.857467120207784e-07,8.056039118376946e-07,0.040136036036036035
-7.659255735526846e-07,8.048649910728123e-07,0.04113693693693694
-7.466273541163159e-07,8.036753733121997e-07,0.04213783783783784
-7.278477048371622e-07,8.020703760766145e-07,0.04313873873873874
-7.095809073979145e-07,8.000833280136063e-07,0.04413963963963964
-6.918200698309355e-07,7.9774561959895e-07,0.04514054054054054
-6.745573042380171e-07,7.950867625721974e-07,0.046141441441441444
-6.577838873891978e-07,7.921344560179407e-07,0.047142342342342346
-6.414904052271297e-07,7.889146572909574e-07,0.04814324324324325
-6.25666882344247e-07,7.854516562445254e-07,0.04914414414414414
-6.103028975134242e-07,7.817681514567257e-07,0.05014504504504504
-5.953876863447525e-07,7.77885327360051e-07,0.051145945945945945
-5.809102321164262e-07,7.738229313662294e-07,0.052146846846846846
-5.668593457906977e-07,7.695993502422523e-07,0.05314774774774775
-5.532237361799226e-07,7.652316851368369e-07,0.05414864864864865
-5.399920711757158e-07,7.60735824780685e-07,0.05514954954954955
-5.271530308985099e-07,7.561265164907203e-07,0.05615045045045045
-5.146953535672197e-07,7.514174346997579e-07,0.057151351351351354
-5.026078748306949e-07,7.466212468104534e-07,0.058152252252252255
-4.908795612453696e-07,7.417496762375308e-07,0.05915315315315315
-4.794995385277834e-07,7.368135625566472e-07,0.06015405405405405
-4.6845711515712156e-07,7.318229187232126e-07,0.06115495495495495
-4.5774180185199496e-07,7.267869853612801e-07,0.062155855855855854
-4.473433273976684e-07,7.217142821523725e-07,0.06315675675675676
-4.3725165125497056e-07,7.16612656377818e-07,0.06415765765765766
-4.274569733402779e-07,7.11489328686726e-07,0.06515855855855855
-4.179497413272342e-07,7.06350936175925e-07,0.06615945945945946
-4.087206557851797e-07,7.012035728786866e-07,0.06716036036036035
-3.997606734365312e-07,6.960528277664903e-07,0.06816126126126126
-3.910610087854329e-07,6.909038203729496e-07,0.06916216216216216
-3.8261313434273404e-07,6.857612341517709e-07,0.07016306306306307
-3.7440877964760443e-07,6.806293476816582e-07,0.07116396396396396
-3.664399292636603e-07,6.755120638306932e-07,0.07216486486486487
-3.5869881990723254e-07,6.704129369912679e-07,0.07316576576576576
-3.5117793684713457e-07,6.653351984942684e-07,0.07416666666666667
-3.438700096988755e-07,6.602817803082005e-07,0.07516756756756757
-3.3676800772151827e-07,6.552553371254028e-07,0.07616846846846846
-3.298651347121768e-07,6.502582669335954e-07,0.07716936936936937
-3.2315482358134254e-07,6.452927301668668e-07,0.07817027027027026
-3.166307306816805e-07,6.40360667525888e-07,0.07917117117117117
-3.1028672995354824e-07,6.354638165527694e-07,0.08017207207207207
-3.041169069421271e-07,6.306037270415804e-07,0.08117297297297298
-2.981155527336368e-07,6.257817753611915e-07,0.08217387387387387
-2.922771578515082e-07,6.209991777628162e-07,0.08317477477477478
-2.8659640614757667e-07,6.162570027404655e-07,0.08417567567567567
-2.8106816871818535e-07,6.115561825084703e-07,0.08517657657657658
-2.7568749787055614e-07,6.068975236563435e-07,0.08617747747747748
-2.7044962116077066e-07,6.022817170375124e-07,0.08717837837837837
-2.653499355211822e-07,5.977093469448774e-07,0.08817927927927928
-2.603840014919915e-07,5.931808996227676e-07,0.08918018018018017
-2.55547537569007e-07,5.886967711616255e-07,0.09018108108108108
-2.508364146772447e-07,5.842572748187073e-07,0.09118198198198198
-2.462466507779623e-07,5.798626478052007e-07,0.09218288288288289
-2.417744056149234e-07,5.755130575774427e-07,0.09318378378378378
-2.3741597560413524e-07,5.712086076673619e-07,0.09418468468468469
-2.3316778886996e-07,5.669493430848748e-07,0.09518558558558558
-2.2902640042933408e-07,5.627352553227e-07,0.09618648648648649
-2.2498848752484747e-07,5.585662869919585e-07,0.09718738738738739
-2.2105084510657745e-07,5.544423361149418e-07,0.09818828828828828
-2.1721038146185615e-07,5.503632600995907e-07,0.09918918918918919
-2.1346411399154195e-07,5.463288794185004e-07,0.10019009009009008
-2.0980916513085456e-07,5.423389810136607e-07,0.10119099099099099
-2.062427584124141e-07,5.383933214466402e-07,0.10219189189189189
-2.027622146687731e-07,5.344916298125235e-07,0.1031927927927928
-1.9936494837145474e-07,5.30633610434613e-07,0.10419369369369369
-1.9604846410328108e-07,5.268189453556899e-07,0.1051945945945946
-1.928103531606091e-07,5.230472966405074e-07,0.10619549549549549
-1.896482902819541e-07,5.193183085031362e-07,0.10719639639639639
-1.8656003049939628e-07,5.156316092718093e-07,0.1081972972972973
-1.8354340610909955e-07,5.119868132030111e-07,0.10919819819819819
-1.8059632375724011e-07,5.083835221557032e-07,0.1101990990990991
-1.7771676163763985e-07,5.048213271358138e-07,0.1112
-1.749027667974005e-07,5.01299809720375e-07,0.1122009009009009
-1.7215245254687318e-07,4.978185433700308e-07,0.1132018018018018
-1.6946399597033352e-07,4.943770946380046e-07,0.1142027027027027
-1.6683563553379164e-07,4.909750242830391e-07,0.1152036036036036
-1.6426566878642778e-07,4.876118882932789e-07,0.11620450450450451
-1.6175245015221902e-07,4.842872388275674e-07,0.1172054054054054
-1.5929438880839988e-07,4.81000625080164e-07,0.1182063063063063
-1.568899466474851e-07,4.777515940744586e-07,0.1192072072072072
-1.5453763631966841e-07,4.7453969139085727e-07,0.1202081081081081
-1.5223601935250407e-07,4.713644618336449e-07,0.12120900900900901
-1.4998370434486884e-07,4.682254500412842e-07,0.1222099099099099
-1.4777934523229577e-07,4.6512220104429184e-07,0.12321081081081081
-1.4562163962086543e-07,4.6205426077453506e-07,0.1242117117117117
-1.4350932718693547e-07,4.5902117652951965e-07,0.1252126126126126
-1.414411881400785e-07,4.560224973949784e-07,0.1262135135135135
-1.3941604174669782e-07,4.5305777462884227e-07,0.1272144144144144
-1.374327449118731e-07,4.5012656200944457e-07,0.1282153153153153
-1.35490190817086e-07,4.4722841615061605e-07,0.1292162162162162
-1.33587307611557e-07,4.4436289678612933e-07,0.1302171171171171
-1.31723057155014e-07,4.4152956702578207e-07,0.131218018018018
-1.298964338097965e-07,4.387279935852424e-07,0.1322189189189189
-1.2810646328027956e-07,4.3595774699162727e-07,0.1332198198198198
-1.2635220149768152e-07,4.3321840176664606e-07,0.1342207207207207
-1.2463273354839715e-07,4.3050953658901074e-07,0.1352216216216216
-1.229471726440707e-07,4.278307344376908e-07,0.1362225225225225
-1.2129465913169616e-07,4.251815827174797e-07,0.13722342342342342
-1.1967435954210164e-07,4.225616733682347e-07,0.1382243243243243
-1.1808546567524243e-07,4.1997060295905616e-07,0.1392252252252252
-1.1652719372079034e-07,4.1740797276857883e-07,0.14022612612612612
-1.1499878341257161e-07,4.1487338885246684e-07,0.141227027027027
-1.134994972154642e-07,4.123664620991245e-07,0.1422279279279279
-1.1202861954342318e-07,4.098868082745635e-07,0.1432288288288288
-1.1058545600736051e-07,4.074340480572992e-07,0.14422972972972972
-1.0916933269165524e-07,4.0500780706408607e-07,0.1452306306306306
-1.0777959545812557e-07,4.026077158672447e-07,0.1462315315315315
-1.0641560927634093e-07,4.002334100042791e-07,0.14723243243243242
-1.0507675757919978e-07,3.978845299804317e-07,0.14823333333333333
-1.037624416427458e-07,3.9556072126477763e-07,0.1492342342342342
-1.024720799892359e-07,3.932616342804153e-07,0.15023513513513512
-1.0120510781251871e-07,3.909869243892733e-07,0.15123603603603603
-9.996097642481878e-08,3.8873625187201134e-07,0.1522369369369369
-9.873915272406189e-08,3.8650928190346056e-07,0.15323783783783781
-9.753911868091385e-08,3.84305684524019e-07,0.15423873873873872
-9.63603708447385e-08,3.8212513460737993e-07,0.15523963963963963
-9.520241986771608e-08,3.799673118249528e-07,0.1562405405405405
-9.406479004639441e-08,3.7783190060730134e-07,0.15724144144144142
-9.29470188799764e-08,3.7571859010290603e-07,0.15824234234234233
-9.184865664467668e-08,3.736270741345311e-07,0.15924324324324324
-9.076926598350807e-08,3.71557051153456e-07,0.16024414414414412
-8.970842151088717e-08,3.6950822419181616e-07,0.16124504504504503
-8.866570943147175e-08,3.6748030081327205e-07,0.16224594594594594
-8.764072717266913e-08,3.6547299306221505e-07,0.16324684684684682
-8.663308303027813e-08,3.6348601741170114e-07,0.16424774774774772
-8.564239582674873e-08,3.615190947102866e-07,0.16524864864864863
-8.466829458156636e-08,3.595719501279297e-07,0.16624954954954954
-8.37104181932882e-08,3.576443131011075e-07,0.16725045045045042
-8.276841513277788e-08,3.557359172772864e-07,0.16825135135135133
-8.184194314720454e-08,3.538465004588723e-07,0.16925225225225224
-8.093066897439076e-08,3.5197580454675975e-07,0.17025315315315315
-8.00342680671098e-08,3.501235754835852e-07,0.17125405405405403
-7.915242432695029e-08,3.482895631967846e-07,0.17225495495495494
-7.828482984738207e-08,3.464735215415461e-07,0.17325585585585584
-7.743118466567183e-08,3.446752082437407e-07,0.17425675675675673
-7.659119652331131e-08,3.428943848429059e-07,0.17525765765765763
-7.57645806346363e-08,3.41130816635355e-07,0.17625855855855854
-7.495105946332505e-08,3.3938427261747113e-07,0.17725945945945945
-7.415036250648088e-08,3.3765452542924836e-07,0.17826036036036033
-7.336222608601242e-08,3.359413512981288e-07,0.17926126126126124
-7.258639314703973e-08,3.342445299831865e-07,0.18026216216216215
-7.182261306306288e-08,3.3256384471969904e-07,0.18126306306306306
-7.107064144764183e-08,3.3089908216414735e-07,0.18226396396396394
-7.033023997234672e-08,3.292500323396782e-07,0.18326486486486485
-6.9601176190746e-08,3.2761648858206197e-07,0.18426576576576575
-6.88832233682108e-08,3.25998247486173e-07,0.18526666666666664
-6.817616031732121e-08,3.2439510885301687e-07,0.18626756756756754
-6.747977123867076e-08,3.2280687563733026e-07,0.18726846846846845
-6.679384556687094e-08,3.2123335389576943e-07,0.18826936936936936
-6.611817782156804e-08,3.1967435273570626e-07,0.18927027027027024
-6.54525674632899e-08,3.181296842646469e-07,0.19027117117117115
-6.479681875394893e-08,3.165991635402854e-07,0.19127207207207206
-6.415074062183344e-08,3.150826085212039e-07,0.19227297297297297
-6.351414653092697e-08,3.135798400182273e-07,0.19327387387387385
-6.288685435440049e-08,3.1209068164644117e-07,0.19427477477477476
-6.226868625212957e-08,3.106149597778791e-07,0.19527567567567566
-6.165946855209306e-08,3.0915250349488256e-07,0.19627657657657654
-6.105903163551652e-08,3.0770314454413736e-07,0.19727747747747745
-6.04672098256288e-08,3.062667172913899e-07,0.19827837837837836
-5.988384127990392e-08,3.048430586768425e-07,0.19927927927927927
-5.93087678856677e-08,3.034320081712289e-07,0.20028018018018015
-5.874183515895039e-08,3.0203340773256913e-07,0.20128108108108106
-5.8182892146473944e-08,3.0064710176360105e-07,0.20228198198198197
-5.763179133066438e-08,2.992729370698876e-07,0.20328288288288285
-5.7088388537585255e-08,2.9791076281859515e-07,0.20428378378378376
-5.655254284769214e-08,2.9656043049794063e-07,0.20528468468468467
-5.6024116509310856e-08,2.952217938773014e-07,0.20628558558558557
-5.5502974854746905e-08,2.9389470896798446e-07,0.20728648648648645
-5.498898621893642e-08,2.925790339846492e-07,0.20828738738738736
-5.4482021860552726e-08,2.912746293073773e-07,0.20928828828828827
-5.398195588548501e-08,2.8998135744438483e-07,0.21028918918918918
-5.3488665172609915e-08,2.886990829953687e-07,0.21129009009009006
-5.3002029301778536e-08,2.8742767261548193e-07,0.21229099099099097
-5.25219304839453e-08,2.8616699497993033e-07,0.21329189189189188
-5.204825349336687e-08,2.8491692074918236e-07,0.21429279279279276
-5.158088560180256e-08,2.836773225347861e-07,0.21529369369369367
-5.111971651465032e-08,2.8244807486578503e-07,0.21629459459459457
-5.066463830895389e-08,2.812290541557248e-07,0.21729549549549548
-5.021554537322014e-08,2.8002013867024257e-07,0.21829639639639636
-4.9772334348987114e-08,2.788212084952321e-07,0.21929729729729727
-4.9334904074085605e-08,2.776321455055752e-07,0.22029819819819818
-4.890315552753944e-08,2.7645283333443245e-07,0.2212990990990991
-4.847699177605103e-08,2.7528315734308337e-07,0.22229999999999997
-4.8056317922021226e-08,2.7412300459130974e-07,0.22330090090090088
-4.7641041053054186e-08,2.7297226380831226e-07,0.2243018018018018
-4.723107019289915e-08,2.7183082536415253e-07,0.22530270270270267
-4.682631625378391e-08,2.706985812417125e-07,0.22630360360360358
-4.6426691990095e-08,2.695754250091627e-07,0.22730450450450448
-4.603211195336231e-08,2.6846125179293104e-07,0.2283054054054054
-4.564249244850652e-08,2.6735595825116394e-07,0.22930630630630627
-4.525775149130975e-08,2.662594425476713e-07,0.23030720720720718
-4.487780876707102e-08,2.651716043263479e-07,0.2313081081081081
-4.450258559040922e-08,2.640923446860621e-07,0.232309009009009
-4.4132004866178085e-08,2.630215661560052e-07,0.23330990990990988
-4.376599105145808e-08,2.6195917267149163e-07,0.2343108108108108
-4.3404470118592554e-08,2.609050695502034e-07,0.2353117117117117
-4.3047369519235184e-08,2.598591634688714e-07,0.23631261261261258
-4.269461814937803e-08,2.588213624403838e-07,0.23731351351351349
-4.234614631533004e-08,2.5779157579131647e-07,0.2383144144144144
-4.200188570061668e-08,2.567697141398753e-07,0.2393153153153153
-4.166176933377299e-08,2.557556893742454e-07,0.24031621621621618
-4.1325731557002665e-08,2.547494146313379e-07,0.2413171171171171
-4.0993707995677044e-08,2.5375080427592745e-07,0.242318018018018
-4.066563552864877e-08,2.5275977388017504e-07,0.2433189189189189
-4.0341452259355336e-08,2.517762402035257e-07,0.2443198198198198
-4.002109748768906e-08,2.508001211729773e-07,0.2453207207207207
-3.9704511682610727e-08,2.4983133586371206e-07,0.2463216216216216
-3.939163645548432e-08,2.4886980448008325e-07,0.2473225225225225
-3.908241453411191e-08,2.4791544833695274e-07,0.2483234234234234
-3.87767897374477e-08,2.469681898413705e-07,0.2493243243243243
-3.8474706950971365e-08,2.4602795247459084e-07,0.2503252252252252
-3.817611210270117e-08,2.450946607744185e-07,0.2513261261261261
-3.7880952139828276e-08,2.4416824031787883e-07,0.25232702702702703
-3.7589175005954e-08,2.432486177042054e-07,0.2533279279279279
-3.730072961891261e-08,2.4233572053813917e-07,0.2543288288288288
-3.7015565849162457e-08,2.414294774135336e-07,0.2553297297297297
-3.6733634498729286e-08,2.405298178972592e-07,0.2563306306306306
-3.645488728068557e-08,2.3963667251340254e-07,0.2573315315315315
-3.617927679915071e-08,2.387499727277529e-07,0.2583324324324324
-3.590675652979694e-08,2.3786965093257306e-07,0.2593333333333333
-3.5637280800846835e-08,2.369956404316463e-07,0.2603342342342342
-3.5370804774547934e-08,2.361278754255961e-07,0.2613351351351351
-3.510728442911163e-08,2.3526629099747257e-07,0.262336036036036
-3.4846676541102564e-08,2.344108230986006e-07,0.26333693693693694
-3.458893866826629e-08,2.3356140853468466e-07,0.2643378378378378
-3.4334029132782586e-08,2.3271798495216498e-07,0.2653387387387387
-3.4081907004932796e-08,2.3188049082482106e-07,0.26633963963963964
-3.3832532087169384e-08,2.3104886544061673e-07,0.2673405405405405
-3.358586489857667e-08,2.3022304888878278e-07,0.2683414414414414
-3.334186665971188e-08,2.2940298204713235e-07,0.26934234234234233
-3.3100499277815956e-08,2.2858860656960428e-07,0.2703432432432432
-3.286172533238401e-08,2.2777986487403083e-07,0.2713441441441441
-3.262550806108546e-08,2.2697670013012412e-07,0.27234504504504503
-3.239181134602435e-08,2.2617905624767854e-07,0.2733459459459459
-3.216059970033051e-08,2.2538687786498333e-07,0.27434684684684685
-3.193183825507269e-08,2.2460011033744333e-07,0.27534774774774773
-3.1705492746484673e-08,2.238186997264013e-07,0.2763486486486486
-3.148152950349622e-08,2.2304259278816024e-07,0.27734954954954955
-3.125991543556039e-08,2.2227173696320067e-07,0.2783504504504504
-3.1040618020769364e-08,2.215060803655886e-07,0.2793513513513513
-3.082360529425117e-08,2.2074557177257244e-07,0.28035225225225224
-3.0608845836839475e-08,2.1999016061436276e-07,0.2813531531531531
-3.039630876400953e-08,2.1923979696409306e-07,0.282354054054054
-3.018596371507305e-08,2.184944315279577e-07,0.28335495495495494
-2.997778084262515e-08,2.1775401563552308e-07,0.2843558558558558
-2.9771730802236703e-08,2.170185012302092e-07,0.28535675675675676
-2.9567784742385783e-08,2.1628784085993806e-07,0.28635765765765764
-2.9365914294621682e-08,2.155619876679459e-07,0.2873585585585585
-2.916609156395573e-08,2.1484089538375606e-07,0.28835945945945946
-2.8968289119472804e-08,2.141245183143093e-07,0.28936036036036034
-2.8772479985157725e-08,2.134128113352483e-07,0.2903612612612612
-2.857863763093125e-08,2.1270572988235408e-07,0.29136216216216215
-2.8386735963890016e-08,2.1200322994313083e-07,0.29236306306306303
-2.8196749319745273e-08,2.113052680485365e-07,0.2933639639639639
-2.8008652454455184e-08,2.1061180126485593e-07,0.29436486486486485
-2.7822420536046115e-08,2.099227871857153e-07,0.29536576576576573
-2.7638029136617456e-08,2.0923818392423265e-07,0.29636666666666667
-2.7455454224525974e-08,2.085579501053047e-07,0.29736756756756755
-2.727467215674468e-08,2.0788204485802477e-07,0.29836846846846843
-2.7095659671391948e-08,2.0721042780823159e-07,0.29936936936936936
-2.6918393880426764e-08,2.0654305907118491e-07,0.30037027027027025
-2.6742852262505502e-08,2.0587989924436595e-07,0.3013711711711711
-2.656901265599667e-08,2.052209094004007e-07,0.30237207207207206
-2.639685325214935e-08,2.0456605108010346e-07,0.30337297297297294
-2.62263525884116e-08,2.0391528628563819e-07,0.3043738738738738
-2.6057489541895065e-08,2.0326857747379552e-07,0.30537477477477476
-2.5890243322982322e-08,2.0262588754938363e-07,0.30637567567567564
-2.572459346907313e-08,2.0198717985873035e-07,0.3073765765765766
-2.556051983846654e-08,2.0135241818329456e-07,0.30837747747747746
-2.5398002604375145e-08,2.0072156673338498e-07,0.30937837837837834
-2.5237022249068523e-08,2.000945901419838e-07,0.3103792792792793
-2.50775595581427e-08,1.994714534586745e-07,0.31138018018018015
-2.491959561491223e-08,1.9885212214366982e-07,0.31238108108108104
-2.4763111794922452e-08,1.9823656206194032e-07,0.31338198198198197
-2.4608089760578544e-08,1.976247394774398e-07,0.31438288288288285
-2.4454511455888752e-08,1.970166210474265e-07,0.31538378378378373
-2.430235910131911e-08,1.96412173816879e-07,0.31638468468468467
-2.4151615188756915e-08,1.9581136521300373e-07,0.31738558558558555
-2.4002262476580073e-08,1.9521416303983268e-07,0.3183864864864865
-2.3854283984830494e-08,1.9462053547291158e-07,0.31938738738738737
-2.3707662990488175e-08,1.940304510540732e-07,0.32038828828828825
-2.3562383022844312e-08,1.934438786862979e-07,0.3213891891891892
-2.341842785897068e-08,1.9286078762865741e-07,0.32239009009009006
-2.3275781519283146e-08,1.9228114749134124e-07,0.32339099099099095
-2.3134428263197143e-08,1.9170492823076453e-07,0.3243918918918919
-2.2994352584872786e-08,1.9113210014475456e-07,0.32539279279279276
-2.2855539209047736e-08,1.9056263386781601e-07,0.32639369369369364
-2.2717973086955615e-08,1.899965003664726e-07,0.3273945945945946
-2.2581639392328046e-08,1.8943367093468394e-07,0.32839549549549546
-2.2446523517478344e-08,1.888741171893362e-07,0.3293963963963964
-2.2312611069464965e-08,1.883178110658052e-07,0.3303972972972973
-2.217988786633294e-08,1.8776472481359118e-07,0.33139819819819816
-2.2048339933431412e-08,1.8721483099202272e-07,0.3323990990990991
-2.191795349980558e-08,1.8666810246603008e-07,0.3334
-2.178871499466129e-08,1.8612451240198517e-07,0.33440090090090085
-2.1660611043900708e-08,1.8558403426360848e-07,0.3354018018018018
-2.153362846672737e-08,1.850466418079403e-07,0.33640270270270267
-2.1407754272319087e-08,1.845123090813765e-07,0.33740360360360355
-2.1282975656567085e-08,1.8398101041576614e-07,0.3384045045045045
-2.115927999888006e-08,1.834527204245715e-07,0.33940540540540537
-2.1036654859051383e-08,1.829274139990878e-07,0.3404063063063063
-2.091508797418847e-08,1.8240506630472323e-07,0.3414072072072072
-2.0794567255702445e-08,1.8188565277733624e-07,0.34240810810810807
-2.06750807863571e-08,1.81369149119631e-07,0.343409009009009
-2.0556616817375697e-08,1.8085553129760863e-07,0.3444099099099099
-2.043916376560432e-08,1.803447755370741e-07,0.34541081081081076
-2.032271021073049e-08,1.7983685832019684e-07,0.3464117117117117
-2.0207244892556067e-08,1.7933175638212578e-07,0.3474126126126126
-2.0092756708322694e-08,1.7882944670765518e-07,0.34841351351351346
-1.9979234710089393e-08,1.783299065279439e-07,0.3494144144144144
-1.9866668102160404e-08,1.778331133172833e-07,0.3504153153153153
-1.9755046238562762e-08,1.7733904478991664e-07,0.3514162162162162
-1.964435862057211e-08,1.7684767889690587e-07,0.3524171171171171
-1.9534594894285983e-08,1.763589938230472e-07,0.353418018018018
-1.942574484824337e-08,1.7587296798383368e-07,0.3544189189189189
-1.9317798411089646e-08,1.7538958002246416e-07,0.3554198198198198
-1.9210745649285708e-08,1.749088088068973e-07,0.3564207207207207
-1.9104576764860738e-08,1.7443063342695111e-07,0.3574216216216216
-1.8999282093207182e-08,1.7395503319144568e-07,0.3584225225225225
-1.889485210091748e-08,1.7348198762538994e-07,0.35942342342342337
-1.879127738366124e-08,1.730114764672098e-07,0.3604243243243243
-1.868854866410246e-08,1.7254347966601934e-07,0.3614252252252252
-1.8586656789855423e-08,1.7207797737893174e-07,0.3624261261261261
-1.848559273147896e-08,1.7161494996841154e-07,0.363427027027027
-1.8385347580507824e-08,1.7115437799966597e-07,0.3644279279279279
-1.82859125475207e-08,1.7069624223807517e-07,0.3654288288288288
-1.8187278960243985e-08,1.702405236466614e-07,0.3664297297297297
-1.8089438261690447e-08,1.697872033835949e-07,0.3674306306306306
-1.7992382008332302e-08,1.6933626279973762e-07,0.3684315315315315
-1.7896101868307754e-08,1.688876834362228e-07,0.3694324324324324
-1.78005896196604e-08,1.684414470220704e-07,0.3704333333333333
-1.770583714861086e-08,1.679975354718381e-07,0.3714342342342342
-1.7611836447859833e-08,1.675559308833061e-07,0.3724351351351351
-1.751857961492207e-08,1.6711661553519698e-07,0.37343603603603603
-1.7426058850490515e-08,1.666795718849275e-07,0.3744369369369369
-1.7334266456830078e-08,1.6624478256639507e-07,0.3754378378378378
-1.7243194836200345e-08,1.6581223038779473e-07,0.37643873873873873
-1.7152836489306766e-08,1.653818983294694e-07,0.3774396396396396
-1.706318401377952e-08,1.649537695417904e-07,0.3784405405405405
-1.6974230102679773e-08,1.6452782734306916e-07,0.37944144144144143
-1.6885967543032488e-08,1.6410405521749886e-07,0.3804423423423423
-1.679838921438553e-08,1.6368243681312634e-07,0.3814432432432432
-1.6711488087394196e-08,1.6326295593985232e-07,0.3824441441441441
-1.6625257222431108e-08,1.6284559656746148e-07,0.383445045045045
-1.6539689768220397e-08,1.6243034282367972e-07,0.38444594594594594
-1.6454778960496282e-08,1.620171789922601e-07,0.3854468468468468
-1.6370518120685043e-08,1.616060895110957e-07,0.3864477477477477
-1.6286900654610256e-08,1.6119705897035942e-07,0.38744864864864864
-1.6203920051220723e-08,1.607900721106704e-07,0.3884495495495495
-1.6121569881340546e-08,1.6038511382128635e-07,0.3894504504504504
-1.6039843796441075e-08,1.5998216913832147e-07,0.39045135135135134
-1.5958735527434214e-08,1.595812232429899e-07,0.3914522522522522
-1.5878238883486573e-08,1.5918226145987337e-07,0.3924531531531531
-1.579834775085429e-08,1.5878526925521378e-07,0.39345405405405404
-1.5719056091737845e-08,1.5839023223522962e-07,0.3944549549549549
-1.5640357943156696e-08,1.5799713614445594e-07,0.3954558558558558
-1.5562247415843162e-08,1.5760596686410728e-07,0.39645675675675673
-1.5484718693155415e-08,1.5721671041046441e-07,0.3974576576576576
-1.5407766030008868e-08,1.5682935293328222e-07,0.39845855855855855
-1.533138375182599e-08,1.56443880714221e-07,0.39945945945945943
-1.525556625350387e-08,1.5606028016529863e-07,0.4004603603603603
-1.518030799839938e-08,1.5567853782736465e-07,0.40146126126126125
-1.510560351733149e-08,1.552986403685953e-07,0.40246216216216213
-1.5031447407600524e-08,1.5492057458300947e-07,0.403463063063063
-1.4957834332023807e-08,1.5454432738900452e-07,0.40446396396396395
-1.4884759017987765e-08,1.541698858279134e-07,0.4054648648648648
-1.481221625651569e-08,1.5379723706258e-07,0.4064657657657657
-1.4740200901351275e-08,1.5342636837595539e-07,0.40746666666666664
-1.4668707868057445e-08,1.5305726716971238e-07,0.4084675675675675
-1.4597732133130122e-08,1.5268992096287918e-07,0.40946846846846846
-1.4527268733126854e-08,1.5232431739049203e-07,0.41046936936936934
-1.4457312763809787e-08,1.5196044420226537e-07,0.4114702702702702
-1.4387859379302897e-08,1.515982892612806e-07,0.41247117117117116
-1.431890379126312e-08,1.512378405426926e-07,0.41347207207207204
-1.425044126806512e-08,1.5087908613245317e-07,0.4144729729729729
-1.418246713399952e-08,1.5052201422605234e-07,0.41547387387387386
-1.4114976768484197e-08,1.5016661312727593e-07,0.41647477477477474
-1.404796560528855e-08,1.4981287124698025e-07,0.4174756756756756
-1.3981429131770418e-08,1.4946077710188314e-07,0.41847657657657655
-1.3915362888125426e-08,1.4911031931337083e-07,0.41947747747747743
-1.3849762466648533e-08,1.4876148660632115e-07,0.42047837837837837
-1.3784623511007545e-08,1.48414267807942e-07,0.42147927927927925
-1.3719941715528416e-08,1.4806865184662556e-07,0.42248018018018013
-1.365571282449206e-08,1.4772462775081758e-07,0.42348108108108107
-1.3591932631442469e-08,1.4738218464790124e-07,0.42448198198198195
-1.3528596978506033e-08,1.4704131176309663e-07,0.42548288288288283
-1.3465701755721668e-08,1.467019984183737e-07,0.42648378378378377
-1.3403242900381756e-08,1.4636423403138022e-07,0.42748468468468465
-1.3341216396383551e-08,1.4602800811438356e-07,0.4284855855855855
-1.3279618273590925e-08,1.456933102732262e-07,0.42948648648648646
-1.32184446072063e-08,1.4536013020629513e-07,0.43048738738738734
-1.3157691517152475e-08,1.4502845770350468e-07,0.4314882882882883
-1.3097355167464284e-08,1.4469828264529215e-07,0.43248918918918916
-1.3037431765689835e-08,1.443695950016271e-07,0.43349009009009004
-1.297791756230121e-08,1.4404238483103319e-07,0.434490990990991
-1.2918808850114398e-08,1.4371664227962256e-07,0.43549189189189186
-1.2860101963718333e-08,1.433923575801429e-07,0.43649279279279274
-1.28017932789129e-08,1.4306952105103676e-07,0.4374936936936937
-1.2743879212155657e-08,1.4274812309551276e-07,0.43849459459459456
-1.268635622001725e-08,1.4242815420062903e-07,0.43949549549549544
-1.2629220798645235e-08,1.4210960493638813e-07,0.4404963963963964
-1.2572469483236264e-08,1.4179246595484367e-07,0.44149729729729725
-1.2516098847516417e-08,1.414767279892184e-07,0.4424981981981982
-1.2460105503229582e-08,1.4116238185303344e-07,0.44349909909909907
-1.2404486099633682e-08,1.4084941843924834e-07,0.44449999999999995
-1.2349237323004708e-08,1.4053782871941266e-07,0.4455009009009009
-1.229435589614833e-08,1.4022760374282772e-07,0.44650180180180177
-1.2239838577918988e-08,1.3991873463571918e-07,0.44750270270270265
-1.2185682162746335e-08,1.3961121260042e-07,0.4485036036036036
-1.2131883480168942e-08,1.3930502891456388e-07,0.44950450450450447
-1.2078439394375026e-08,1.3900017493028851e-07,0.45050540540540535
-1.2025346803750207e-08,1.3869664207344894e-07,0.4515063063063063
-1.1972602640432141e-08,1.3839442184284123e-07,0.45250720720720716
-1.1920203869871765e-08,1.3809350580943469e-07,0.4535081081081081
-1.1868147490401355e-08,1.3779388561561516e-07,0.454509009009009
-1.1816430532808906e-08,1.3749555297443646e-07,0.45550990990990986
-1.176505005991902e-08,1.3719849966888185e-07,0.4565108108108108
-1.1714003166180045e-08,1.3690271755113432e-07,0.4575117117117117
-1.1663286977257376e-08,1.3660819854185617e-07,0.45851261261261256
-1.1612898649632857e-08,1.3631493462947707e-07,0.4595135135135135
-1.1562835370210154e-08,1.3602291786949157e-07,0.4605144144144144
-1.1513094355925951e-08,1.3573214038376447e-07,0.46151531531531526
-1.1463672853366978e-08,1.354425943598452e-07,0.4625162162162162
-1.141456813839267e-08,1.3515427205029073e-07,0.4635171171171171
-1.1365777515763423e-08,1.3486716577199623e-07,0.464518018018018
-1.131729831877431e-08,1.3458126790553436e-07,0.4655189189189189
-1.1269127908894212e-08,1.342965708945024e-07,0.46651981981981977
-1.1221263675410236e-08,1.3401306724487754e-07,0.4675207207207207
-1.1173703035077357e-08,1.3373074952437969e-07,0.4685216216216216
-1.1126443431773164e-08,1.3344961036184213e-07,0.46952252252252247
-1.107948233615766e-08,1.3316964244659e-07,0.4705234234234234
-1.1032817245338027e-08,1.328908385278259e-07,0.4715243243243243
-1.0986445682538258e-08,1.3261319141402333e-07,0.47252522522522517
-1.0940365196773539e-08,1.3233669397232686e-07,0.4735261261261261
-1.0894573362529448e-08,1.3206133912796028e-07,0.474527027027027
-1.084906777944567e-08,1.3178711986364093e-07,0.4755279279279279
-1.0803846072004366e-08,1.3151402921900185e-07,0.4765288288288288
-1.0758905889222978e-08,1.3124206029002044e-07,0.4775297297297297
-1.0714244904351451e-08,1.3097120622845367e-07,0.4785306306306306
-1.0669860814573823e-08,1.3070146024128086e-07,0.4795315315315315
-1.0625751340714049e-08,1.3043281559015197e-07,0.4805324324324324
-1.0581914226946038e-08,1.3016526559084332e-07,0.4815333333333333
-1.0538347240507851e-08,1.2989880361271948e-07,0.4825342342342342
-1.0495048171419884e-08,1.2963342307820105e-07,0.4835351351351351
-1.0452014832207157e-08,1.2936911746223954e-07,0.484536036036036
-1.0409245057625441e-08,1.2910588029179785e-07,0.4855369369369369
-1.0366736704391321e-08,1.2884370514533693e-07,0.4865378378378378
-1.0324487650916028e-08,1.285825856523086e-07,0.4875387387387387
-1.0282495797043038e-08,1.283225154926543e-07,0.4885396396396396
-1.0240759063789348e-08,1.2806348839630943e-07,0.4895405405405405
-1.0199275393090412e-08,1.27805498142714e-07,0.4905414414414414
-1.0158042747548571e-08,1.275485385603282e-07,0.4915423423423423
-1.0117059110185093e-08,1.2729260352615446e-07,0.4925432432432432
-1.0076322484195598e-08,1.2703768696526443e-07,0.4935441441441441
-1.003583089270893e-08,1.2678378285033167e-07,0.494545045045045
-9.995582378549327e-09,1.2653088520116952e-07,0.4955459459459459
-9.955575004001974e-09,1.26278988084275e-07,0.4965468468468468
-9.915806850581685e-09,1.2602808561237678e-07,0.49754774774774774
-9.87627601880488e-09,1.2577817194398951e-07,0.4985486486486486
-9.83698062796465e-09,1.2552924128297254e-07,0.4995495495495495
-9.797918815908922e-09,1.2528128787809394e-07,0.5005504504504504
-9.759088738821699e-09,1.2503430602259953e-07,0.5015513513513513
-9.720488571007246e-09,1.2478829005378676e-07,0.5025522522522522
-9.682116504677262e-09,1.2454323435258327e-07,0.5035531531531531
-9.643970749740963e-09,1.2429913334313074e-07,0.5045540540540541
-9.606049533598006e-09,1.2405598149237291e-07,0.505554954954955
-9.568351100934226e-09,1.238137733096487e-07,0.5065558558558558
-9.530873713520158e-09,1.2357250334628942e-07,0.5075567567567567
-9.493615650012283e-09,1.2333216619522122e-07,0.5085576576576576
-9.45657520575695e-09,1.230927564905713e-07,0.5095585585585585
-9.419750692596971e-09,1.2285426890727908e-07,0.5105594594594595
-9.383140438680807e-09,1.2261669816071173e-07,0.5115603603603603
-9.346742788274271e-09,1.223800390062832e-07,0.5125612612612612
-9.310556101574866e-09,1.2214428623907885e-07,0.5135621621621621
-9.274578754528495e-09,1.2190943469348308e-07,0.514563063063063
-9.238809138648694e-09,1.2167547924281176e-07,0.515563963963964
-9.203245660838258e-09,1.214424147989487e-07,0.5165648648648649
-9.16788674321321e-09,1.2121023631198573e-07,0.5175657657657657
-9.132730822929172e-09,1.2097893876986737e-07,0.5185666666666666
-9.09777635200997e-09,1.2074851719803883e-07,0.5195675675675675
-9.063021797178583e-09,1.2051896665909868e-07,0.5205684684684684
-9.028465639690254e-09,1.2029028225245438e-07,0.5215693693693694
-8.994106375167845e-09,1.2006245911398245e-07,0.5225702702702703
-8.95994251343936e-09,1.1983549241569185e-07,0.5235711711711711
-8.92597257837759e-09,1.1960937736539137e-07,0.524572072072072
-8.892195107741849e-09,1.193841092063604e-07,0.5255729729729729
-8.858608653021822e-09,1.1915968321702346e-07,0.5265738738738739
-8.825211779283433e-09,1.1893609471062847e-07,0.5275747747747748
-8.792003065016697e-09,1.1871333903492788e-07,0.5285756756756756
-8.7589811019856e-09,1.184914115718641e-07,0.5295765765765765
-8.726144495079918e-09,1.1827030773725785e-07,0.5305774774774774
-8.693491862168918e-09,1.1805002298049979e-07,0.5315783783783783
-8.661021833957016e-09,1.1783055278424584e-07,0.5325792792792793
-8.62873305384127e-09,1.1761189266411581e-07,0.5335801801801802
-8.59662417777069e-09,1.173940381683947e-07,0.534581081081081
-8.564693874107415e-09,1.17176984877738e-07,0.5355819819819819
-8.532940823489615e-09,1.1696072840487952e-07,0.5365828828828828
-8.501363718696209e-09,1.167452643943428e-07,0.5375837837837838
-8.46996126451327e-09,1.1653058852215537e-07,0.5385846846846847
-8.438732177602162e-09,1.1631669649556604e-07,0.5395855855855856
-8.407675186369366e-09,1.1610358405276545e-07,0.5405864864864864
-8.376789030837943e-09,1.158912469626093e-07,0.5415873873873873
-8.346072462520649e-09,1.1567968102434478e-07,0.5425882882882882
-8.315524244294647e-09,1.1546888206733966e-07,0.5435891891891892
-8.285143150277845e-09,1.1525884595081461e-07,0.5445900900900901
-8.25492796570674e-09,1.1504956856357792e-07,0.545590990990991
-8.224877486815836e-09,1.1484104582376332e-07,0.5465918918918918
-8.194990520718608e-09,1.1463327367857048e-07,0.5475927927927927
-8.165265885289902e-09,1.1442624810400827e-07,0.5485936936936937
-8.135702409049882e-09,1.1421996510464066e-07,0.5495945945945946
-8.106298931049367e-09,1.140144207133353e-07,0.5505954954954955
-8.077054300756658e-09,1.1380961099101489e-07,0.5515963963963963
-8.047967377945737e-09,1.1360553202641089e-07,0.5525972972972972
-8.019037032585893e-09,1.1340217993581988e-07,0.5535981981981981
-7.99026214473271e-09,1.1319955086286279e-07,0.5545990990990991
-7.961641604420399e-09,1.1299764097824611e-07,0.5556
-7.933174311555481e-09,1.1279644647952593e-07,0.5566009009009009
-7.904859175811785e-09,1.125959635908743e-07,0.5576018018018017
-7.876695116526728e-09,1.1239618856284805e-07,0.5586027027027026
-7.848681062598908e-09,1.1219711767216003e-07,0.5596036036036036
-7.820815952386943e-09,1.1199874722145277e-07,0.5606045045045045
-7.793098733609522e-09,1.1180107353907414e-07,0.5616054054054054
-7.765528363246738e-09,1.1160409297885579e-07,0.5626063063063063
-7.738103807442595e-09,1.1140780191989347e-07,0.5636072072072071
-7.710824041408731e-09,1.1121219676632994e-07,0.564608108108108
-7.683688049329287e-09,1.1101727394713982e-07,0.565609009009009
-7.656694824266977e-09,1.1082302991591679e-07,0.5666099099099099
-7.629843368070247e-09,1.1062946115066292e-07,0.5676108108108108
-7.603132691281625e-09,1.104365641535802e-07,0.5686117117117117
-7.576561813047135e-09,1.1024433545086406e-07,0.5696126126126125
-7.550129761026828e-09,1.1005277159249918e-07,0.5706135135135135
-7.523835571306404e-09,1.0986186915205723e-07,0.5716144144144144
-7.497678288309864e-09,1.096716247264966e-07,0.5726153153153153
-7.471656964713271e-09,1.0948203493596448e-07,0.5736162162162162
-7.445770661359491e-09,1.092930964236004e-07,0.574617117117117
-7.4200184471739975e-09,1.0910480585534237e-07,0.5756180180180179
-7.394399399081667e-09,1.0891715991973437e-07,0.5766189189189189
-7.368912601924593e-09,1.0873015532773636e-07,0.5776198198198198
-7.343557148380827e-09,1.085437888125356e-07,0.5786207207207207
-7.31833213888417e-09,1.0835805712936043e-07,0.5796216216216216
-7.293236681544846e-09,1.0817295705529538e-07,0.5806225225225224
-7.268269892071159e-09,1.0798848538909861e-07,0.5816234234234234
-7.243430893692077e-09,1.0780463895102083e-07,0.5826243243243243
-7.218718817080713e-09,1.0762141458262616e-07,0.5836252252252252
-7.194132800278724e-09,1.0743880914661471e-07,0.5846261261261261
-7.169671988621619e-09,1.0725681952664702e-07,0.585627027027027
-7.145335534664906e-09,1.0707544262717011e-07,0.5866279279279278
-7.121122598111168e-09,1.068946753732454e-07,0.5876288288288288
-7.097032345737924e-09,1.0671451471037809e-07,0.5886297297297297
-7.073063951326408e-09,1.065349576043486e-07,0.5896306306306306
-7.049216595591124e-09,1.0635600104104521e-07,0.5906315315315315
-7.025489466110264e-09,1.0617764202629873e-07,0.5916324324324324
-7.001881757256907e-09,1.0599987758571853e-07,0.5926333333333333
-6.9783926701310656e-09,1.0582270476453042e-07,0.5936342342342342
-6.955021412492465e-09,1.056461206274159e-07,0.5946351351351351
-6.931767198694139e-09,1.0547012225835299e-07,0.595636036036036
-6.9086292496168004e-09,1.0529470676045876e-07,0.5966369369369369
-6.885606792603955e-09,1.0511987125583342e-07,0.5976378378378377
-6.862699061397752e-09,1.0494561288540553e-07,0.5986387387387387
-6.83990529607563e-09,1.0477192880877932e-07,0.5996396396396396
-6.817224742987625e-09,1.0459881620408296e-07,0.6006405405405405
-6.7946566546944414e-09,1.0442627226781856e-07,0.6016414414414414
-6.7722002899062206e-09,1.0425429421471353e-07,0.6026423423423423
-6.7498549134220304e-09,1.0408287927757359e-07,0.6036432432432433
-6.727619796070011e-09,1.0391202470713675e-07,0.6046441441441441
-6.705494214648238e-09,1.0374172777192918e-07,0.605645045045045
-6.683477451866239e-09,1.03571985758122e-07,0.6066459459459459
-6.661568796287197e-09,1.0340279596939001e-07,0.6076468468468468
-6.639767542270788e-09,1.0323415572677108e-07,0.6086477477477477
-6.618072989916681e-09,1.0306606236852754e-07,0.6096486486486487
-6.596484445008695e-09,1.0289851325000848e-07,0.6106495495495495
-6.575001218959541e-09,1.0273150574351345e-07,0.6116504504504504
-6.553622628756236e-09,1.0256503723815759e-07,0.6126513513513513
-6.532347996906114e-09,1.0239910513973779e-07,0.6136522522522522
-6.511176651383429e-09,1.0223370687060037e-07,0.6146531531531532
-6.490107925576607e-09,1.0206883986950998e-07,0.615654054054054
-6.469141158236024e-09,1.0190450159151949e-07,0.6166549549549549
-6.448275693422428e-09,1.017406895078414e-07,0.6176558558558558
-6.4275108804559e-09,1.0157740110572034e-07,0.6186567567567567
-6.40684607386541e-09,1.0141463388830675e-07,0.6196576576576576
-6.386280633338918e-09,1.0125238537453176e-07,0.6206585585585586
-6.365813923674052e-09,1.0109065309898337e-07,0.6216594594594594
-6.345445314729301e-09,1.0092943461178352e-07,0.6226603603603603
-6.325174181375792e-09,1.0076872747846662e-07,0.6236612612612612
-6.304999903449554e-09,1.0060852927985888e-07,0.6246621621621621
-6.284921865704367e-09,1.0044883761195909e-07,0.6256630630630631
-6.264939457765085e-09,1.0028965008582042e-07,0.626663963963964
-6.2450520740814915e-09,1.0013096432743305e-07,0.6276648648648648
-6.225259113882664e-09,9.99727779776083e-08,0.6286657657657657
-6.205559981131844e-09,9.981508869186356e-08,0.6296666666666666
-6.185954084481798e-09,9.96578941403084e-08,0.6306675675675675
-6.1664408372306585e-09,9.95011920075316e-08,0.6316684684684685
-6.147019657278279e-09,9.934497999248948e-08,0.6326693693693693
-6.127689967083026e-09,9.918925580839493e-08,0.6336702702702702
-6.108451193619075e-09,9.903401718260782e-08,0.6346711711711711
-6.089302768334153e-09,9.887926185652597e-08,0.635672072072072
-6.07024412710775e-09,9.87249875854776e-08,0.636672972972973
-6.051274710209794e-09,9.85711921386145e-08,0.6376738738738739
-6.032393962259739e-09,9.841787329880611e-08,0.6386747747747747
-6.013601332186147e-09,9.826502886253484e-08,0.6396756756756756
-5.9948962731866535e-09,9.811265663979191e-08,0.6406765765765765
-5.976278242688411e-09,9.796075445397471e-08,0.6416774774774774
-5.957746702308941e-09,9.780932014178471e-08,0.6426783783783784
-5.939301117817404e-09,9.765835155312623e-08,0.6436792792792793
-5.92094095909627e-09,9.750784655100642e-08,0.6446801801801801
-5.902665700103449e-09,9.735780301143591e-08,0.645681081081081
-5.884474818834782e-09,9.720821882333059e-08,0.6466819819819819
-5.866367797286953e-09,9.705909188841396e-08,0.6476828828828829
-5.8483441214207975e-09,9.691042012112071e-08,0.6486837837837838
-5.830403281124986e-09,9.676220144850083e-08,0.6496846846846847
-5.812544770180113e-09,9.661443381012473e-08,0.6506855855855855
-5.794768086223175e-09,9.646711515798954e-08,0.6516864864864864
-5.777072730712403e-09,9.632024345642558e-08,0.6526873873873873
-5.759458208892466e-09,9.61738166820041e-08,0.6536882882882883
-5.7419240297600816e-09,9.602783282344592e-08,0.6546891891891892
-5.724469706029939e-09,9.588228988153059e-08,0.65569009009009
-5.7070947541010215e-09,9.573718586900656e-08,0.6566909909909909
-5.689798694023262e-09,9.559251881050202e-08,0.6576918918918918
-5.6725810494645645e-09,9.544828674243674e-08,0.6586927927927928
-5.655441347678164e-09,9.530448771293447e-08,0.6596936936936937
-5.638379119470309e-09,9.516111978173609e-08,0.6606945945945946
-5.621393899168332e-09,9.501818102011386e-08,0.6616954954954954
-5.6044852245890125e-09,9.487566951078604e-08,0.6626963963963963
-5.587652637007286e-09,9.473358334783256e-08,0.6636972972972972
-5.570895681125265e-09,9.459192063661114e-08,0.6646981981981982
-5.5542139050416195e-09,9.44506794936744e-08,0.6656990990990991
-5.537606860221227e-09,9.43098580466877e-08,0.6667
-5.52107410146518e-09,9.416945443434748e-08,0.6677009009009008
-5.504615186881073e-09,9.402946680630035e-08,0.6687018018018017
-5.488229677853619e-09,9.388989332306327e-08,0.6697027027027027
-5.471917139015566e-09,9.375073215594387e-08,0.6707036036036036
-5.455677138218899e-09,9.361198148696193e-08,0.6717045045045045
-5.439509246506362e-09,9.347363950877118e-08,0.6727054054054054
-5.423413038083246e-09,9.3335704424582e-08,0.6737063063063062
-5.407388090289497e-09,9.319817444808483e-08,0.6747072072072071
-5.3914339835720875e-09,9.306104780337401e-08,0.6757081081081081
-5.375550301457688e-09,9.292432272487255e-08,0.676709009009009
-5.359736630525595e-09,9.278799745725733e-08,0.6777099099099099
-5.343992560380963e-09,9.265207025538502e-08,0.6787108108108107
-5.328317683628298e-09,9.251653938421882e-08,0.6797117117117116
-5.312711595845207e-09,9.238140311875543e-08,0.6807126126126126
-5.297173895556444e-09,9.224665974395307e-08,0.6817135135135135
-5.281704184208195e-09,9.211230755465986e-08,0.6827144144144144
-5.2663020661426374e-09,9.197834485554288e-08,0.6837153153153153
-5.250967148572746e-09,9.184476996101788e-08,0.6847162162162161
-5.23569904155737e-09,9.171158119517951e-08,0.685717117117117
-5.2204973579765435e-09,9.15787768917322e-08,0.686718018018018
-5.205361713507071e-09,9.144635539392174e-08,0.6877189189189189
-5.190291726598321e-09,9.131431505446714e-08,0.6887198198198198
-5.175287018448289e-09,9.118265423549327e-08,0.6897207207207207
-5.1603472129799124e-09,9.105137130846423e-08,0.6907216216216215
-5.145471936817594e-09,9.092046465411696e-08,0.6917225225225225
-5.1306608192639785e-09,9.078993266239562e-08,0.6927234234234234
-5.115913492276947e-09,9.065977373238639e-08,0.6937243243243243
-5.101229590446868e-09,9.052998627225302e-08,0.6947252252252252
-5.086608750974044e-09,9.040056869917262e-08,0.695726126126126
-5.07205061364641e-09,9.027151943927251e-08,0.6967270270270269
-5.057554820817425e-09,9.014283692756676e-08,0.6977279279279279
-5.043121017384219e-09,9.00145196078943e-08,0.6987288288288288
-5.028748850765928e-09,8.988656593285663e-08,0.6997297297297297
-5.014437970882238e-09,8.975897436375653e-08,0.7007306306306306
-5.000188030132192e-09,8.963174337053738e-08,0.7017315315315314
-4.98599868337313e-09,8.950487143172248e-08,0.7027324324324324
-4.971869587899909e-09,8.93783570343555e-08,0.7037333333333333
-4.9578004034242826e-09,8.92521986739409e-08,0.7047342342342342
-4.943790792054495e-09,8.912639485438515e-08,0.7057351351351351
-4.929840418275081e-09,8.900094408793835e-08,0.706736036036036
-4.9159489489268715e-09,8.887584489513641e-08,0.7077369369369368
-4.902116053187153e-09,8.875109580474336e-08,0.7087378378378378
-4.8883414025500946e-09,8.862669535369487e-08,0.7097387387387387
-4.8746246708072875e-09,8.850264208704132e-08,0.7107396396396396
-4.860965534028536e-09,8.837893455789216e-08,0.7117405405405405
-4.8473636705427936e-09,8.82555713273601e-08,0.7127414414414414
-4.833818760919308e-09,8.813255096450618e-08,0.7137423423423424
-4.820330487948948e-09,8.800987204628513e-08,0.7147432432432432
-4.806898536625698e-09,8.788753315749115e-08,0.7157441441441441
-4.793522594128351e-09,8.77655328907042e-08,0.716745045045045
-4.780202349802347e-09,8.764386984623663e-08,0.7177459459459459
-4.766937495141834e-09,8.752254263208043e-08,0.7187468468468468
-4.753727723771862e-09,8.740154986385477e-08,0.7197477477477477
-4.740572731430761e-09,8.728089016475389e-08,0.7207486486486486
-4.727472215952701e-09,8.716056216549574e-08,0.7217495495495495
-4.714425877250392e-09,8.704056450427057e-08,0.7227504504504504
-4.701433417297988e-09,8.692089582669038e-08,0.7237513513513513
-4.6884945401141106e-09,8.680155478573841e-08,0.7247522522522523
-4.6756089517450825e-09,8.668254004171946e-08,0.7257531531531531
-4.6627763602482806e-09,8.656385026221017e-08,0.726754054054054
-4.649996475675663e-09,8.64454841220099e-08,0.7277549549549549
-4.637269010057473e-09,8.632744030309216e-08,0.7287558558558558
-4.6245936773860546e-09,8.620971749455612e-08,0.7297567567567567
-4.611970193599867e-09,8.609231439257876e-08,0.7307576576576577
-4.599398276567621e-09,8.597522970036726e-08,0.7317585585585585
-4.586877646072584e-09,8.585846212811193e-08,0.7327594594594594
-4.574408023797013e-09,8.574201039293923e-08,0.7337603603603603
-4.561989133306752e-09,8.562587321886547e-08,0.7347612612612612
-4.549620700035982e-09,8.55100493367508e-08,0.7357621621621622
-4.537302451272087e-09,8.539453748425341e-08,0.736763063063063
-4.525034116140685e-09,8.527933640578431e-08,0.7377639639639639
-4.5128154255907905e-09,8.516444485246227e-08,0.7387648648648648
-4.500646112380123e-09,8.504986158206931e-08,0.7397657657657657
-4.488525911060551e-09,8.493558535900646e-08,0.7407666666666666
-4.4764545579636615e-09,8.482161495424975e-08,0.7417675675675676
-4.464431791186482e-09,8.470794914530681e-08,0.7427684684684684
-4.4524573505773275e-09,8.459458671617353e-08,0.7437693693693693
-4.440530977721773e-09,8.44815264572913e-08,0.7447702702702702
-4.428652415928776e-09,8.436876716550451e-08,0.7457711711711711
-4.416821410216897e-09,8.425630764401817e-08,0.7467720720720721
-4.405037707300684e-09,8.414414670235624e-08,0.747772972972973
-4.393301055577164e-09,8.403228315632018e-08,0.7487738738738738
-4.381611205112447e-09,8.392071582794738e-08,0.7497747747747747
-4.369967907628488e-09,8.380944354547071e-08,0.7507756756756756
-4.358370916489939e-09,8.369846514327773e-08,0.7517765765765765
-4.346819986691141e-09,8.358777946187044e-08,0.7527774774774775
-4.335314874843232e-09,8.347738534782546e-08,0.7537783783783784
-4.323855339161367e-09,8.336728165375436e-08,0.7547792792792792
-4.312441139452066e-09,8.325746723826431e-08,0.7557801801801801
-4.301072037100673e-09,8.31479409659192e-08,0.756781081081081
-4.2897477950589215e-09,8.303870170720081e-08,0.757781981981982
-4.278468177832639e-09,8.292974833847054e-08,0.7587828828828829
-4.26723295146953e-09,8.282107974193115e-08,0.7597837837837838
-4.256041883547103e-09,8.271269480558917e-08,0.7607846846846846
-4.244894743160682e-09,8.26045924232172e-08,0.7617855855855855
-4.233791300911538e-09,8.249677149431672e-08,0.7627864864864864
-4.22273132889514e-09,8.238923092408127e-08,0.7637873873873874
-4.211714600689496e-09,8.228196962335978e-08,0.7647882882882883
-4.200740891343599e-09,8.217498650861999e-08,0.7657891891891891
-4.189809977365986e-09,8.206828050191259e-08,0.76679009009009
-4.178921636713407e-09,8.196185053083542e-08,0.7677909909909909
-4.168075648779585e-09,8.185569552849772e-08,0.7687918918918919
-4.157271794384072e-09,8.174981443348507e-08,0.7697927927927928
-4.146509855761228e-09,8.164420618982438e-08,0.7707936936936937
-4.135789616549268e-09,8.153886974694892e-08,0.7717945945945945
-4.12511086177945e-09,8.143380405966424e-08,0.7727954954954954
-4.1144733778653086e-09,8.132900808811364e-08,0.7737963963963963
-4.1038769525920295e-09,8.122448079774443e-08,0.7747972972972973
-4.093321375105896e-09,8.112022115927414e-08,0.7757981981981982
-4.082806435903836e-09,8.101622814865712e-08,0.776799099099099
-4.072331926823064e-09,8.091250074705149e-08,0.7777999999999999
-4.061897641030805e-09,8.080903794078591e-08,0.7788009009009008
-4.051503373014132e-09,8.070583872132724e-08,0.7798018018018017
-4.041148918569872e-09,8.060290208524798e-08,0.7808027027027027
-4.030834074794616e-09,8.050022703419402e-08,0.7818036036036036
-4.020558640074804e-09,8.03978125748528e-08,0.7828045045045045
-4.010322414076911e-09,8.029565771892158e-08,0.7838054054054053
-4.000125197737724e-09,8.019376148307594e-08,0.7848063063063062
-3.989966793254679e-09,8.009212288893862e-08,0.7858072072072072
-3.9798470040763146e-09,7.999074096304855e-08,0.7868081081081081
-3.969765634892786e-09,7.988961473682988e-08,0.787809009009009
-3.9597224916264875e-09,7.978874324656182e-08,0.7888099099099098
-3.9497173814227236e-09,7.968812553334796e-08,0.7898108108108107
-3.939750112640496e-09,7.958776064308649e-08,0.7908117117117116
-3.929820494843345e-09,7.94876476264401e-08,0.7918126126126126
-3.919928338790303e-09,7.93877855388066e-08,0.7928135135135135
-3.91007345642688e-09,7.928817344028936e-08,0.7938144144144144
-3.900255660876179e-09,7.918881039566809e-08,0.7948153153153152
-3.89047476643005e-09,7.908969547436998e-08,0.7958162162162161
-3.880730588540346e-09,7.89908277504409e-08,0.7968171171171171
-3.871022943810246e-09,7.889220630251683e-08,0.797818018018018
-3.861351649985639e-09,7.87938302137955e-08,0.7988189189189189
-3.85171652594662e-09,7.869569857200835e-08,0.7998198198198198
-3.842117391699021e-09,7.859781046939252e-08,0.8008207207207206
-3.832554068366039e-09,7.850016500266325e-08,0.8018216216216215
-3.82302637817992e-09,7.840276127298624e-08,0.8028225225225225
-3.8135341444737385e-09,7.830559838595039e-08,0.8038234234234234
-3.804077191673228e-09,7.820867545154077e-08,0.8048243243243243
-3.79465534528868e-09,7.811199158411159e-08,0.8058252252252252
-3.785268431906934e-09,7.801554590235965e-08,0.806826126126126
-3.775916279183408e-09,7.791933752929751e-08,0.807827027027027
-3.766598715834231e-09,7.78233655922276e-08,0.8088279279279279
-3.757315571628411e-09,7.772762922271577e-08,0.8098288288288288
-3.748066677380092e-09,7.763212755656545e-08,0.8108297297297297
-3.738851864940859e-09,7.753685973379183e-08,0.8118306306306305
-3.7296709671921346e-09,7.744182489859652e-08,0.8128315315315314
-3.720523818037612e-09,7.734702219934184e-08,0.8138324324324324
-3.7114102523957746e-09,7.725245078852592e-08,0.8148333333333333
-3.702330106192466e-09,7.715810982275749e-08,0.8158342342342342
-3.6932832163535308e-09,7.706399846273113e-08,0.8168351351351351
-3.6842694207975142e-09,7.697011587320265e-08,0.8178360360360359
-3.6752885584284224e-09,7.68764612229645e-08,0.8188369369369369
-3.666340469128556e-09,7.678303368482163e-08,0.8198378378378378
-3.657424993751379e-09,7.668983243556718e-08,0.8208387387387387
-3.6485419741144855e-09,7.659685665595877e-08,0.8218396396396396
-3.6396912529925784e-09,7.650410553069438e-08,0.8228405405405405
-3.6308726741105595e-09,7.641157824838912e-08,0.8238414414414413
-3.622086082136638e-09,7.631927400155158e-08,0.8248423423423423
-3.6133313226755108e-09,7.622719198656055e-08,0.8258432432432432
-3.6046082422616057e-09,7.613533140364195e-08,0.8268441441441441
-3.595916688352369e-09,7.604369145684596e-08,0.827845045045045
-3.58725650932163e-09,7.595227135402415e-08,0.8288459459459459
-3.5786275544529896e-09,7.586107030680688e-08,0.8298468468468468
-3.5700296739333033e-09,7.577008753058093e-08,0.8308477477477477
-3.561462718846173e-09,7.567932224446706e-08,0.8318486486486486
-3.552926541165545e-09,7.5588773671298e-08,0.8328495495495495
-3.544420993749314e-09,7.549844103759647e-08,0.8338504504504504
-3.5359459303330124e-09,7.540832357355326e-08,0.8348513513513512
-3.5275012055235313e-09,7.531842051300559e-08,0.8358522522522522
-3.519086674792914e-09,7.522873109341569e-08,0.8368531531531531
-3.5107021944721862e-09,7.513925455584936e-08,0.837854054054054
-3.502347621745236e-09,7.504999014495475e-08,0.8388549549549549
-3.4940228146427565e-09,7.496093710894129e-08,0.8398558558558558
-3.485727632036229e-09,7.487209469955879e-08,0.8408567567567568
-3.477461933631962e-09,7.478346217207677e-08,0.8418576576576576
-3.4692255799651746e-09,7.469503878526361e-08,0.8428585585585585
-3.461018432394127e-09,7.46068238013663e-08,0.8438594594594594
-3.4528403530943147e-09,7.451881648609001e-08,0.8448603603603603
-3.444691205052681e-09,7.443101610857781e-08,0.8458612612612612
-3.436570852061911e-09,7.434342194139079e-08,0.8468621621621621
-3.428479158714749e-09,7.425603326048803e-08,0.847863063063063
-3.42041599039837e-09,7.416884934520685e-08,0.8488639639639639
-3.4123812132887998e-09,7.408186947824321e-08,0.8498648648648648
-3.404374694345375e-09,7.399509294563217e-08,0.8508657657657657
-3.3963963013052497e-09,7.390851903672852e-08,0.8518666666666667
-3.388445902677958e-09,7.382214704418758e-08,0.8528675675675675
-3.3805233677400025e-09,7.373597626394612e-08,0.8538684684684684
-3.3726285665294974e-09,7.365000599520335e-08,0.8548693693693693
-3.3647613698408575e-09,7.356423554040209e-08,0.8558702702702702
-3.3569216492195217e-09,7.347866420521008e-08,0.8568711711711711
-3.3491092769567276e-09,7.339329129850142e-08,0.8578720720720721
-3.341324126084327e-09,7.330811613233813e-08,0.8588729729729729
-3.3335660703696358e-09,7.32231380219518e-08,0.8598738738738738
-3.3258349843103333e-09,7.313835628572536e-08,0.8608747747747747
-3.318130743129404e-09,7.305377024517512e-08,0.8618756756756756
-3.310453222770113e-09,7.296937922493273e-08,0.8628765765765766
-3.3028022998910278e-09,7.288518255272741e-08,0.8638774774774775
-3.2951778518610773e-09,7.280117955936824e-08,0.8648783783783783
-3.2875797567546504e-09,7.271736957872652e-08,0.8658792792792792
-3.280007893346738e-09,7.263375194771845e-08,0.8668801801801801
-3.2724621411081053e-09,7.255032600628761e-08,0.867881081081081
-3.2649423802005172e-09,7.246709109738789e-08,0.868881981981982
-3.2574484914719876e-09,7.238404656696635e-08,0.8698828828828828
-3.249980356452068e-09,7.230119176394616e-08,0.8708837837837837
-3.2425378573471845e-09,7.221852604020975e-08,0.8718846846846846
-3.235120877036007e-09,7.213604875058213e-08,0.8728855855855855
-3.2277292990648485e-09,7.205375925281425e-08,0.8738864864864865
-3.2203630076431087e-09,7.197165690756625e-08,0.8748873873873874
-3.2130218876387514e-09,7.188974107839133e-08,0.8758882882882882
-3.2057058245738142e-09,7.180801113171928e-08,0.8768891891891891
-3.198414704619967e-09,7.172646643684026e-08,0.87789009009009
-3.1911484145940844e-09,7.164510636588882e-08,0.8788909909909909
-3.183906841953876e-09,7.156393029382783e-08,0.8798918918918919
-3.1766898747935288e-09,7.14829375984326e-08,0.8808927927927928
-3.169497401839408e-09,7.14021276602752e-08,0.8818936936936936
-3.1623293124457677e-09,7.132149986270871e-08,0.8828945945945945
-3.155185496590516e-09,7.124105359185169e-08,0.8838954954954954
-3.1480658448709928e-09,7.116078823657269e-08,0.8848963963963964
-3.1409702484998085e-09,7.1080703188475e-08,0.8858972972972973
-3.1338985993006863e-09,7.100079784188135e-08,0.8868981981981982
-3.126850789704351e-09,7.092107159381865e-08,0.887899099099099
-3.119826712744456e-09,7.084152384400313e-08,0.8888999999999999
-3.11282626205353e-09,7.076215399482533e-08,0.8899009009009008
-3.105849331858959e-09,7.068296145133514e-08,0.8909018018018018
-3.0988958169790095e-09,7.060394562122725e-08,0.8919027027027027
-3.091965612818863e-09,7.052510591482633e-08,0.8929036036036035
-3.085058615366703e-09,7.044644174507259e-08,0.8939045045045044
-3.078174721189815e-09,7.036795252750725e-08,0.8949054054054053
-3.071313827430729e-09,7.028963768025823e-08,0.8959063063063063
-3.0644758318033836e-09,7.021149662402579e-08,0.8969072072072072
-3.0576606325893293e-09,7.013352878206858e-08,0.8979081081081081
-3.0508681286339468e-09,7.005573358018929e-08,0.8989090090090089
-3.044098219342711e-09,6.997811044672083e-08,0.8999099099099098
-3.037350804677468e-09,6.99006588125124e-08,0.9009108108108107
-3.0306257851527576e-09,6.982337811091565e-08,0.9019117117117117
-3.023923061832151e-09,6.974626777777106e-08,0.9029126126126126
-3.017242536324619e-09,6.966932725139421e-08,0.9039135135135135
-3.0105841107809347e-09,6.95925559725623e-08,0.9049144144144143
-3.0039476878900963e-09,6.951595338450073e-08,0.9059153153153152
-2.9973331708757815e-09,6.943951893286967e-08,0.9069162162162162
-2.9907404634928313e-09,6.93632520657509e-08,0.9079171171171171
-2.9841694700237496e-09,6.92871522336345e-08,0.908918018018018
-2.9776200952752497e-09,6.921121888940588e-08,0.9099189189189189
-2.9710922445748018e-09,6.913545148833265e-08,0.9109198198198197
-2.964585823767229e-09,6.905984948805176e-08,0.9119207207207206
-2.9581007392113184e-09,6.898441234855664e-08,0.9129216216216216
-2.9516368977764643e-09,6.890913953218454e-08,0.9139225225225225
-2.9451942068393207e-09,6.883403050360361e-08,0.9149234234234234
-2.938772574280504e-09,6.875908472980053e-08,0.9159243243243242
-2.9323719084813017e-09,6.868430168006793e-08,0.9169252252252251
-2.9259921183204152e-09,6.860968082599192e-08,0.9179261261261261
-2.9196331131707253e-09,6.853522164143982e-08,0.918927027027027
-2.913294802896077e-09,6.846092360254772e-08,0.9199279279279279
-2.9069770978480935e-09,6.838678618770848e-08,0.9209288288288288
-2.900679908863024e-09,6.831280887755954e-08,0.9219297297297296
-2.894403147258593e-09,6.823899115497083e-08,0.9229306306306305
-2.88814672483089e-09,6.816533250503286e-08,0.9239315315315315
-2.8819105538512803e-09,6.809183241504488e-08,0.9249324324324324
-2.875694547063335e-09,6.801849037450294e-08,0.9259333333333333
-2.869498617679785e-09,6.794530587508828e-08,0.9269342342342342
-2.8633226793795036e-09,6.787227841065567e-08,0.927935135135135
-2.857166646304499e-09,6.779940747722169e-08,0.928936036036036
-2.8510304330569463e-09,6.772669257295342e-08,0.9299369369369369
-2.844913954696229e-09,6.765413319815687e-08,0.9309378378378378
-2.838817126736003e-09,6.758172885526563e-08,0.9319387387387387
-2.832739865141291e-09,6.750947904882957e-08,0.9329396396396396
-2.8266820863255955e-09,6.743738328550378e-08,0.9339405405405404
-2.82064370714802e-09,6.73654410740371e-08,0.9349414414414414
-2.814624644910438e-09,6.729365192526143e-08,0.9359423423423423
-2.808624817354658e-09,6.722201535208038e-08,0.9369432432432432
-2.802644142659625e-09,6.71505308694586e-08,0.9379441441441441
-2.796682539438632e-09,6.707919799441067e-08,0.938945045045045
-2.7907399267365604e-09,6.700801624599051e-08,0.9399459459459459
-2.7848162240271433e-09,6.693698514528053e-08,0.9409468468468468
-2.778911351210234e-09,6.686610421538099e-08,0.9419477477477477
-2.7730252286091143e-09,6.679537298139942e-08,0.9429486486486486
-2.767157776967803e-09,6.67247909704401e-08,0.9439495495495495
-2.761308917448403e-09,6.665435771159351e-08,0.9449504504504503
-2.755478571628453e-09,6.658407273592607e-08,0.9459513513513513
-2.74966666149831e-09,6.651393557646964e-08,0.9469522522522522
-2.743873109458541e-09,6.644394576821148e-08,0.9479531531531531
-2.73809783831734e-09,6.637410284808375e-08,0.948954054054054
-2.7323407712879666e-09,6.630440635495366e-08,0.9499549549549549
-2.7266018319861915e-09,6.623485582961312e-08,0.9509558558558558
-2.7208809444277786e-09,6.6165450814769e-08,0.9519567567567567
-2.7151780330259663e-09,6.609619085503296e-08,0.9529576576576576
-2.7094930225889824e-09,6.602707549691167e-08,0.9539585585585585
-2.7038258383175682e-09,6.595810428879694e-08,0.9549594594594594
-2.6981764058025264e-09,6.588927678095593e-08,0.9559603603603603
-2.6925446510222796e-09,6.582059252552156e-08,0.9569612612612612
-2.6869305003404573e-09,6.575205107648267e-08,0.9579621621621621
-2.68133388050349e-09,6.568365198967463e-08,0.958963063063063
-2.6757547186382236e-09,6.561539482276966e-08,0.9599639639639639
-2.6701929422495563e-09,6.554727913526743e-08,0.9609648648648648
-2.6646484792180874e-09,6.547930448848567e-08,0.9619657657657658
-2.6591212577977863e-09,6.541147044555075e-08,0.9629666666666666
-2.6536112066136716e-09,6.534377657138846e-08,0.9639675675675675
-2.6481182546595167e-09,6.527622243271466e-08,0.9649684684684684
-2.6426423312955647e-09,6.520880759802624e-08,0.9659693693693693
-2.6371833662462665e-09,6.514153163759191e-08,0.9669702702702702
-2.6317412895980225e-09,6.507439412344309e-08,0.9679711711711712
-2.626316031796961e-09,6.500739462936504e-08,0.968972072072072
-2.6209075236467063e-09,6.494053273088768e-08,0.9699729729729729
-2.6155156963061923e-09,6.487380800527697e-08,0.9709738738738738
-2.6101404812874664e-09,6.480722003152581e-08,0.9719747747747747
-2.6047818104535197e-09,6.474076839034537e-08,0.9729756756756757
-2.5994396160161396e-09,6.467445266415631e-08,0.9739765765765765
-2.594113830533761e-09,6.460827243708009e-08,0.9749774774774774
-2.588804386909352e-09,6.45422272949304e-08,0.9759783783783783
-2.5835112183882973e-09,6.447631682520443e-08,0.9769792792792792
-2.578234258556309e-09,6.441054061707452e-08,0.9779801801801801
-2.5729734413373435e-09,6.43448982613795e-08,0.9789810810810811
-2.567728700991547e-09,6.427938935061647e-08,0.9799819819819819
-2.5624999721131928e-09,6.421401347893219e-08,0.9809828828828828
-2.557287189628656e-09,6.41487702421149e-08,0.9819837837837837
-2.5520902887943924e-09,6.408365923758607e-08,0.9829846846846846
-2.5469092051949254e-09,6.401868006439203e-08,0.9839855855855856
-2.541743874740864e-09,6.395383232319593e-08,0.9849864864864865
-2.536594233666918e-09,6.388911561626955e-08,0.9859873873873873
-2.5314602185299375e-09,6.38245295474852e-08,0.9869882882882882
-2.526341766206961e-09,6.376007372230778e-08,0.9879891891891891
-2.5212388138932796e-09,6.369574774778669e-08,0.98899009009009
-2.5161512991005166e-09,6.363155123254796e-08,0.989990990990991
-2.511079159654716e-09,6.356748378678635e-08,0.9909918918918919
-2.506022333694451e-09,6.350354502225757e-08,0.9919927927927927
-2.5009807596689324e-09,6.343973455227029e-08,0.9929936936936936
-2.49595437633615e-09,6.337605199167864e-08,0.9939945945945945
-2.4909431227610105e-09,6.331249695687436e-08,0.9949954954954955
-2.485946938313499e-09,6.324906906577924e-08,0.9959963963963964
-2.4809657626668453e-09,6.31857679378374e-08,0.9969972972972972
-2.4759995357957037e-09,6.312259319400777e-08,0.9979981981981981
-2.4710481979743603e-09,6.305954445675672e-08,0.998999099099099
-2.4661116897749235e-09,6.299662135005026e-08,1.0
